id,Target
1,8.351012
2,12.735064
3,5.6739388
4,10.495949
5,10.025814
6,10.4247265
7,10.091552
8,7.946855
9,10.290783
10,8.178039
11,10.496885
12,7.069072
13,10.789079
14,8.992491
15,12.654022
16,12.179114
17,12.643394
18,6.0902767
19,9.707243
20,9.791527
21,7.6996713
22,9.436186
23,9.111193
24,8.461675
25,12.96077
26,6.541769
27,9.98293
28,13.825108
29,11.238433
30,9.976757
31,7.690444
32,10.00178
33,6.278386
34,10.82955
35,10.303832
36,7.1720314
37,9.788388
38,9.844235
39,11.384674
40,8.953203
41,11.31278
42,8.221202
43,9.194117
44,11.678078
45,6.086943
46,9.898767
47,8.515162
48,11.506327
49,10.209085
50,7.8024073
51,10.103564
52,10.075073
53,10.979367
54,10.151429
55,8.737195
56,9.976757
57,10.721643
58,9.732415
59,10.628392
60,6.114952
61,11.721249
62,13.546606
63,6.278386
64,14.825283
65,11.912574
66,10.186174
67,8.545176
68,8.776804
69,10.177451
70,8.537704
71,9.205208
72,9.373727
73,6.9667516
74,8.431026
75,10.720285
76,7.4141936
77,11.449882
78,9.983227
79,9.031822
80,8.068616
81,11.221873
82,10.498465
83,10.388106
84,6.278386
85,9.915488
86,6.4749937
87,10.400592
88,6.9127793
89,7.1601124
90,10.916504
91,11.5744505
92,9.933859
93,9.695427
94,11.81538
95,9.623323
96,10.649412
97,10.564115
98,10.755838
99,9.010658
100,10.3796625
101,10.851948
102,9.93218
103,12.593049
104,10.249201
105,11.903092
106,7.978658
107,10.7806835
108,8.14414
109,9.139166
110,10.206087
111,9.555505
112,10.932192
113,12.593049
114,8.941806
115,8.156451
116,9.564745
117,10.123001
118,8.557454
119,8.078152
120,11.721249
121,8.859994
122,12.081268
123,10.8796215
124,6.7907286
125,6.459199
126,10.83917
127,11.3629875
128,11.649282
129,12.499875
130,11.379398
131,6.773427
132,8.193575
133,5.4938173
134,8.914138
135,10.897484
136,13.474084
137,8.967129
138,8.972891
139,7.069072
140,9.373589
141,9.483264
142,6.6216655
143,10.134426
144,11.228382
145,10.038331
146,10.520477
147,10.1607065
148,10.398331
149,4.0667105
150,10.15069
151,12.081268
152,6.6919384
153,6.5726085
154,11.921209
155,9.644691
156,6.459199
157,11.721249
158,10.617535
159,8.528986
160,9.891287
161,12.124297
162,6.358953
163,9.30077
164,12.107737
165,10.530478
166,6.114952
167,6.541769
168,14.65983
169,9.543122
170,12.341852
171,5.4938173
172,9.9526205
173,11.564915
174,11.762442
175,6.459199
176,10.202866
177,6.906703
178,10.606818
179,11.78729
180,10.154772
181,7.2829638
182,9.845041
183,10.123001
184,10.34914
185,9.197325
186,10.2362385
187,7.262973
188,10.123001
189,10.151429
190,11.992767
191,9.451764
192,10.866781
193,7.9386783
194,6.541769
195,11.508789
196,8.745946
197,10.0988
198,7.5655756
199,10.445906
200,7.726176
201,8.739775
202,10.39083
203,10.368314
204,6.8832383
205,8.869519
206,7.9386783
207,9.931997
208,9.467464
209,16.07682
210,7.1983747
211,8.249534
212,7.1646876
213,10.753941
214,8.746208
215,9.069542
216,9.340119
217,9.252402
218,12.2360115
219,6.7969313
220,8.609634
221,5.6739388
222,13.245727
223,12.4610405
224,7.16395
225,10.593763
226,6.358953
227,11.506327
228,7.719003
229,8.77534
230,9.37409
231,10.251863
232,7.246166
233,6.9739633
234,10.38875
235,11.056817
236,6.0126514
237,9.190613
238,9.86227
239,9.811655
240,12.229781
241,10.036389
242,11.656107
243,7.7705173
244,5.223528
245,11.977814
246,11.811812
247,12.291412
248,10.123001
249,7.1601124
250,10.434837
251,9.604044
252,7.9796066
253,8.654085
254,11.745913
255,9.452127
256,6.773427
257,9.254681
258,9.700768
259,7.0963955
260,7.020787
261,10.5269785
262,12.202194
263,12.233983
264,10.863176
265,4.0667105
266,10.037476
267,11.261801
268,5.9068813
269,7.675578
270,11.327155
271,12.025355
272,8.417237
273,12.017895
274,11.497638
275,8.739775
276,12.413431
277,12.017895
278,12.0416355
279,8.651328
280,10.061937
281,4.3525724
282,9.036001
283,5.4938173
284,7.3941307
285,11.754196
286,9.056629
287,10.409744
288,10.164337
289,9.188561
290,6.4803815
291,10.036389
292,6.5382223
293,9.314328
294,9.138079
295,11.543941
296,7.069072
297,10.083452
298,9.321538
299,9.652998
300,8.523469
301,7.069072
302,7.246166
303,10.437986
304,11.633695
305,10.258448
306,12.833963
307,9.034401
308,9.0227165
309,6.0126514
310,9.765354
311,12.301046
312,12.222569
313,7.4667563
314,9.036717
315,11.171084
316,9.3679905
317,9.8803835
318,8.669531
319,8.402404
320,8.354593
321,11.189446
322,5.8551836
323,10.457241
324,4.443722
325,8.210851
326,10.594836
327,9.314291
328,12.129258
329,9.913295
330,10.729289
331,10.379915
332,9.933859
333,9.413427
334,7.621678
335,11.696919
336,8.67016
337,8.527328
338,10.594836
339,9.912069
340,12.654022
341,10.574781
342,10.032514
343,11.777796
344,8.96826
345,5.8551836
346,12.802866
347,11.755655
348,11.51554
349,11.156798
350,10.789972
351,7.6657214
352,11.131273
353,10.816448
354,11.682108
355,9.785807
356,7.029764
357,7.53041
358,9.14549
359,11.666772
360,14.874438
361,11.991602
362,9.790104
363,9.144674
364,8.22736
365,9.586921
366,14.682797
367,7.75229
368,9.320333
369,8.945174
370,10.310421
371,8.915828
372,9.219271
373,9.983227
374,9.478022
375,9.223787
376,8.503772
377,8.861907
378,6.278386
379,8.703264
380,11.7518425
381,10.451807
382,9.407259
383,11.56859
384,10.123001
385,7.8688717
386,10.34189
387,11.0959
388,9.321177
389,11.683546
390,10.202866
391,10.252237
392,10.962468
393,9.373727
394,9.339942
395,10.195534
396,8.03983
397,8.904552
398,12.499875
399,8.0180645
400,14.142469
401,13.437361
402,8.641029
403,7.2695794
404,8.537352
405,11.7129135
406,10.076668
407,9.86883
408,9.821024
409,10.83917
410,10.030431
411,8.095891
412,7.6561937
413,9.125715
414,8.350861
415,9.919257
416,10.164337
417,9.725744
418,4.0667105
419,11.991602
420,8.4813595
421,10.497391
422,8.6277895
423,6.11395
424,9.158393
425,10.165987
426,10.8378105
427,10.737522
428,10.128479
429,9.565187
430,10.122331
431,10.4136715
432,8.176128
433,7.95175
434,13.832635
435,10.755838
436,11.190493
437,9.065627
438,8.256557
439,11.797785
440,10.283269
441,7.9667125
442,9.136217
443,8.731803
444,10.47146
445,10.497952
446,4.5709667
447,10.257315
448,9.896492
449,9.856836
450,13.138481
451,11.387152
452,9.849314
453,10.2653
454,10.245774
455,10.932192
456,6.8832383
457,10.773666
458,8.721604
459,11.432417
460,9.205979
461,11.458127
462,9.168442
463,8.5402355
464,6.3209276
465,9.484681
466,9.160197
467,9.205208
468,7.0881476
469,10.422036
470,6.278386
471,10.507455
472,10.037308
473,9.474392
474,10.646288
475,11.305537
476,8.682226
477,8.172648
478,10.5084095
479,10.064701
480,11.229095
481,12.613319
482,11.323044
483,9.463837
484,9.321573
485,12.132072
486,10.564115
487,10.083621
488,10.62174
489,12.835388
490,11.0449505
491,13.314766
492,9.143117
493,8.210262
494,11.568678
495,9.840831
496,12.017895
497,9.367556
498,8.284332
499,9.6223
500,8.932627
501,6.9667516
502,9.2265415
503,13.840664
504,10.009645
505,10.587935
506,8.880695
507,8.329056
508,9.771955
509,9.477682
510,7.871147
511,9.776188
512,9.994909
513,7.838237
514,10.43191
515,11.054299
516,10.016016
517,9.365
518,10.863176
519,6.11395
520,7.483287
521,10.309652
522,12.146849
523,6.9130845
524,7.5278945
525,11.636421
526,10.036389
527,12.706467
528,12.043629
529,7.1983747
530,11.32682
531,11.809049
532,11.516382
533,11.060278
534,9.88909
535,9.393829
536,8.537704
537,10.04856
538,6.9844856
539,11.657938
540,10.57254
541,13.105835
542,4.5709667
543,10.264896
544,10.540409
545,11.0915165
546,10.447046
547,14.582646
548,9.045916
549,10.38875
550,9.004898
551,10.564115
552,11.508059
553,9.194117
554,11.692906
555,11.828991
556,7.5609818
557,9.080572
558,8.224652
559,13.919689
560,10.075052
561,15.76547
562,9.816245
563,8.868785
564,10.309652
565,10.331928
566,8.609929
567,8.193575
568,11.359315
569,12.593049
570,7.557929
571,9.01454
572,10.758218
573,8.011449
574,11.025725
575,9.194117
576,10.285064
577,8.672411
578,6.75289
579,9.234515
580,11.151195
581,9.828032
582,8.1122265
583,6.640722
584,10.459701
585,11.414734
586,8.537704
587,8.0761175
588,9.770758
589,12.205371
590,9.974491
591,8.924499
592,8.457942
593,4.0667105
594,8.895343
595,10.010065
596,8.95793
597,9.768601
598,6.638631
599,9.994909
600,8.571072
601,14.3182535
602,7.9699583
603,9.159514
604,10.691246
605,7.7059956
606,8.641029
607,10.056362
608,9.814241
609,10.488832
610,6.853302
611,8.53388
612,10.153216
613,9.254681
614,8.249962
615,9.067072
616,6.541769
617,11.028937
618,7.069072
619,10.443123
620,10.790917
621,10.43774
622,9.210964
623,9.950305
624,11.228382
625,10.001389
626,8.493812
627,13.597364
628,10.770004
629,10.621064
630,15.647117
631,11.34753
632,10.0458765
633,11.405691
634,10.300965
635,9.152594
636,10.48044
637,7.30367
638,10.679827
639,8.141416
640,4.2230077
641,12.614115
642,13.492371
643,12.260425
644,12.643394
645,8.15181
646,10.034074
647,7.623559
648,7.333123
649,12.613319
650,10.76545
651,12.233983
652,9.336792
653,9.727713
654,11.30336
655,10.285064
656,7.015262
657,5.4938173
658,12.448027
659,7.069072
660,10.115982
661,7.5760403
662,10.540409
663,9.95906
664,11.305519
665,10.540409
666,14.299139
667,10.483186
668,8.732063
669,10.762329
670,7.4243746
671,9.98182
672,10.537905
673,6.1099334
674,12.816563
675,11.630426
676,11.01178
677,14.695243
678,13.857502
679,11.364142
680,10.998301
681,7.381018
682,9.114578
683,10.342643
684,14.575299
685,10.853891
686,13.200892
687,7.743159
688,10.800985
689,4.0667105
690,11.012263
691,4.0667105
692,8.640035
693,11.27657
694,11.004687
695,10.51094
696,11.067331
697,10.361145
698,11.228382
699,10.038976
700,9.609933
701,7.1983747
702,7.7345204
703,7.6139073
704,10.020755
705,8.856614
706,13.99818
707,10.470848
708,8.963256
709,11.721548
710,6.9130845
711,9.933859
712,6.576455
713,10.459739
714,10.249899
715,9.86227
716,9.199272
717,6.4019666
718,4.5673594
719,12.390115
720,9.894182
721,10.029014
722,7.069072
723,4.2072473
724,11.319613
725,7.6996713
726,9.832803
727,10.680977
728,7.2137256
729,10.296286
730,8.672872
731,9.2242155
732,9.652595
733,9.210964
734,9.321354
735,4.5673594
736,7.069072
737,10.970591
738,6.541769
739,10.366011
740,11.745186
741,9.674051
742,10.791906
743,12.199085
744,11.693061
745,9.598738
746,12.390533
747,11.5744505
748,6.607726
749,12.233983
750,9.591438
751,4.2624125
752,12.65147
753,9.856836
754,9.434036
755,10.4711075
756,12.390115
757,13.045945
758,11.316632
759,10.4148655
760,10.376499
761,10.180543
762,8.384512
763,10.335835
764,12.708254
765,10.036389
766,7.2504373
767,6.9844856
768,13.21143
769,10.76545
770,12.082441
771,11.867109
772,10.35498
773,11.195432
774,9.912069
775,7.1174116
776,9.578318
777,7.5087085
778,10.148248
779,10.743849
780,8.454407
781,10.02543
782,11.233881
783,10.184604
784,9.867809
785,10.145242
786,8.8744755
787,10.1178055
788,7.2137256
789,4.0667105
790,10.388106
791,10.488832
792,4.8055162
793,7.9579754
794,10.1283865
795,7.0327168
796,7.621867
797,11.73471
798,9.012449
799,7.7478004
800,8.926392
801,13.105835
802,6.7211084
803,9.088314
804,10.7329445
805,10.051166
806,7.7453084
807,10.072404
808,6.773427
809,10.367647
810,9.081902
811,10.277731
812,7.9478126
813,13.0059
814,12.415932
815,8.177982
816,9.836554
817,8.746208
818,7.9478126
819,6.23838
820,10.76545
821,8.684004
822,10.788742
823,11.809049
824,8.798947
825,11.411046
826,10.255173
827,4.2230077
828,7.8994913
829,7.0359445
830,12.980118
831,9.927156
832,5.926841
833,4.0667105
834,11.696919
835,5.223528
836,11.282126
837,10.736601
838,15.959767
839,9.250552
840,7.822171
841,8.1122265
842,10.87611
843,7.242832
844,6.688321
845,10.869509
846,8.674842
847,10.39083
848,12.233983
849,8.979746
850,11.409798
851,9.409884
852,6.8732643
853,15.206885
854,11.094584
855,8.537704
856,8.118332
857,5.724835
858,10.491638
859,9.197325
860,10.296946
861,8.960406
862,10.501832
863,7.436404
864,6.9392996
865,4.5709667
866,9.056344
867,8.577123
868,9.321354
869,6.9202456
870,6.081952
871,11.595123
872,10.804733
873,10.023309
874,10.059237
875,9.90257
876,10.033674
877,11.1602745
878,9.983227
879,9.997011
880,10.235252
881,6.278386
882,9.933859
883,7.13434
884,10.049085
885,12.482532
886,7.7866416
887,9.164289
888,9.321538
889,7.051033
890,8.009777
891,7.6220436
892,7.333123
893,12.06255
894,10.955118
895,10.791906
896,6.6919384
897,9.962927
898,6.000223
899,10.3057995
900,9.084537
901,9.043697
902,8.937369
903,10.483186
904,9.126328
905,8.640035
906,9.65963
907,7.85301
908,10.036389
909,10.078341
910,10.31847
911,9.292482
912,12.675734
913,9.894447
914,8.782808
915,9.798481
916,7.71961
917,6.7907286
918,8.537704
919,11.848912
920,10.743952
921,6.9844856
922,13.930393
923,9.461467
924,7.4100723
925,9.321105
926,9.171204
927,5.8551836
928,11.082857
929,12.055003
930,9.321354
931,6.086943
932,12.017895
933,10.780577
934,10.564115
935,11.5669365
936,7.5316935
937,11.406398
938,10.329145
939,9.044742
940,9.902736
941,10.318724
942,10.138205
943,8.861286
944,10.531558
945,11.233881
946,7.9699583
947,8.815842
948,8.520202
949,9.242382
950,9.933859
951,13.157023
952,10.925463
953,12.233983
954,11.278122
955,8.083586
956,8.092758
957,11.635683
958,6.278386
959,8.070969
960,11.63068
961,10.890834
962,8.053757
963,5.926841
964,9.056629
965,12.327365
966,7.803866
967,8.623898
968,8.298749
969,6.6216655
970,12.218601
971,5.223528
972,10.375897
973,12.390533
974,12.947867
975,11.393946
976,8.615815
977,9.598738
978,10.3281355
979,11.083597
980,10.296946
981,9.931555
982,11.30336
983,10.862431
984,9.012449
985,6.541769
986,13.777006
987,6.278386
988,14.128742
989,9.725744
990,7.838237
991,9.210964
992,9.229212
993,12.479642
994,9.894182
995,9.614368
996,12.383148
997,9.431748
998,9.030285
999,10.466036
1000,5.6739388
1001,12.482532
1002,10.237284
1003,11.4540825
1004,8.979746
1005,10.842389
1006,12.492732
1007,4.0667105
1008,11.0897875
1009,11.267465
1010,10.434608
1011,12.728149
1012,12.456227
1013,10.388106
1014,8.393602
1015,4.0667105
1016,10.691917
1017,9.959195
1018,7.028355
1019,11.524254
1020,9.725744
1021,10.006866
1022,8.949379
1023,10.722205
1024,10.024734
1025,9.626221
1026,8.797974
1027,9.254681
1028,9.842193
1029,11.940901
1030,12.019165
1031,11.01479
1032,10.9929905
1033,10.386844
1034,12.279449
1035,7.8583665
1036,8.663979
1037,10.93737
1038,10.8494215
1039,8.332054
1040,10.564115
1041,10.594836
1042,8.9221115
1043,4.443722
1044,10.202866
1045,8.947889
1046,11.6904125
1047,4.3525724
1048,10.342643
1049,10.342643
1050,9.994909
1051,8.369446
1052,11.508059
1053,11.228382
1054,10.872778
1055,10.072829
1056,10.068656
1057,8.067206
1058,13.719168
1059,9.585379
1060,6.994086
1061,10.856136
1062,8.679774
1063,6.853302
1064,9.684626
1065,7.6926928
1066,9.056629
1067,9.474392
1068,10.512838
1069,11.867493
1070,10.206579
1071,10.268292
1072,9.5334015
1073,12.965283
1074,9.005853
1075,8.963762
1076,11.405621
1077,9.223787
1078,13.00377
1079,11.5744505
1080,10.25877
1081,12.593049
1082,11.508059
1083,11.500418
1084,9.712437
1085,10.401348
1086,8.894451
1087,8.03666
1088,9.910729
1089,12.1432705
1090,10.901966
1091,9.343054
1092,9.576368
1093,8.322314
1094,8.339831
1095,10.925463
1096,7.975529
1097,5.0539865
1098,9.325511
1099,11.70997
1100,9.8803835
1101,9.754843
1102,8.503772
1103,9.904475
1104,8.129117
1105,4.2230077
1106,9.787782
1107,10.182196
1108,8.974399
1109,8.4092865
1110,7.117222
1111,7.5464597
1112,9.587875
1113,10.290783
1114,10.303355
1115,9.635984
1116,6.7969313
1117,12.856744
1118,10.119428
1119,9.188951
1120,4.28082
1121,9.314291
1122,10.552808
1123,10.567007
1124,5.4938173
1125,9.226773
1126,10.113512
1127,10.04546
1128,11.002249
1129,9.620024
1130,11.211388
1131,11.531777
1132,10.053527
1133,7.675578
1134,10.34347
1135,10.277731
1136,8.038922
1137,7.5993423
1138,7.834725
1139,13.877331
1140,4.573858
1141,8.249962
1142,10.614815
1143,11.989261
1144,9.733669
1145,9.226773
1146,10.131863
1147,10.309652
1148,9.107338
1149,9.321105
1150,7.943455
1151,10.012379
1152,11.240969
1153,10.999004
1154,9.994909
1155,10.9373
1156,7.2137256
1157,9.005409
1158,10.570096
1159,11.226376
1160,10.887991
1161,10.329145
1162,5.223528
1163,11.064852
1164,8.249534
1165,10.016016
1166,10.316128
1167,8.654675
1168,8.859829
1169,10.897484
1170,9.158393
1171,10.508819
1172,8.274034
1173,10.531453
1174,11.78893
1175,10.699577
1176,10.290783
1177,12.233983
1178,11.735192
1179,11.482414
1180,10.622231
1181,9.983227
1182,7.682568
1183,9.957037
1184,10.792213
1185,8.811064
1186,11.721249
1187,9.992964
1188,9.205208
1189,10.123001
1190,6.086943
1191,8.612766
1192,9.146881
1193,10.214544
1194,9.974198
1195,10.695335
1196,10.020755
1197,9.287983
1198,6.773427
1199,12.428463
1200,8.9245405
1201,10.0988
1202,5.223528
1203,8.890413
1204,10.202866
1205,12.5336685
1206,9.994909
1207,9.912069
1208,12.388347
1209,6.5570683
1210,10.34189
1211,9.141109
1212,9.912069
1213,7.1601124
1214,9.856663
1215,8.861966
1216,10.255173
1217,6.888352
1218,11.734667
1219,11.346406
1220,11.89719
1221,10.290783
1222,11.832359
1223,8.095198
1224,9.063254
1225,6.9202456
1226,7.0719194
1227,16.444918
1228,9.021261
1229,9.90257
1230,11.038804
1231,9.500309
1232,10.249201
1233,9.2423725
1234,10.468704
1235,10.023719
1236,10.592907
1237,13.546606
1238,8.810484
1239,11.006525
1240,10.350498
1241,9.62273
1242,15.455015
1243,10.268612
1244,9.367556
1245,10.45398
1246,11.008377
1247,8.424904
1248,10.254422
1249,10.37519
1250,12.195904
1251,7.801696
1252,6.6919384
1253,6.773427
1254,11.354857
1255,12.402511
1256,7.332452
1257,6.6919384
1258,7.483287
1259,10.360169
1260,11.30336
1261,10.290783
1262,10.113512
1263,9.066695
1264,9.761651
1265,13.389214
1266,8.424904
1267,10.202866
1268,11.624869
1269,9.824831
1270,8.558206
1271,12.708254
1272,12.576049
1273,9.0903225
1274,14.414824
1275,7.1983747
1276,7.2695794
1277,6.859562
1278,11.443621
1279,7.9445877
1280,7.675578
1281,12.497465
1282,11.84505
1283,10.862133
1284,11.7485285
1285,11.254246
1286,10.395603
1287,9.140409
1288,7.797745
1289,7.2137256
1290,8.300953
1291,10.579256
1292,10.350899
1293,9.026012
1294,11.05196
1295,8.744348
1296,9.9526205
1297,12.1432705
1298,6.114952
1299,9.144674
1300,9.939872
1301,8.744176
1302,7.78595
1303,7.713384
1304,10.142021
1305,10.123001
1306,10.488989
1307,8.090497
1308,4.2230077
1309,9.051809
1310,9.400753
1311,10.385929
1312,7.246166
1313,10.376562
1314,6.278386
1315,11.414734
1316,10.564115
1317,4.3450937
1318,8.739775
1319,11.805985
1320,11.022497
1321,10.487394
1322,10.808275
1323,9.13731
1324,11.721249
1325,8.993339
1326,11.635683
1327,9.047901
1328,10.602142
1329,6.358953
1330,11.696919
1331,13.267341
1332,8.283015
1333,9.372396
1334,10.123001
1335,6.8832383
1336,10.862133
1337,9.962927
1338,12.881021
1339,9.305998
1340,12.350422
1341,12.601222
1342,12.265889
1343,8.073461
1344,8.608106
1345,10.40094
1346,9.598738
1347,10.539738
1348,5.6739388
1349,13.294818
1350,8.541503
1351,6.607726
1352,8.936689
1353,8.147869
1354,7.578543
1355,10.39083
1356,9.983227
1357,9.065627
1358,8.214685
1359,7.0144057
1360,6.278386
1361,10.084055
1362,11.832451
1363,10.375897
1364,8.972891
1365,7.838237
1366,14.136542
1367,6.9844856
1368,8.537704
1369,11.583015
1370,7.9793754
1371,7.1095715
1372,11.661238
1373,9.442835
1374,7.765379
1375,6.9667516
1376,9.444415
1377,12.654022
1378,7.04463
1379,10.249899
1380,10.48044
1381,6.9844856
1382,12.708254
1383,10.744397
1384,11.867873
1385,9.223787
1386,6.4749937
1387,12.732055
1388,6.358953
1389,10.848393
1390,11.501694
1391,16.09879
1392,6.358953
1393,11.508059
1394,10.775121
1395,9.3351555
1396,9.387601
1397,9.269348
1398,10.077402
1399,7.6503553
1400,8.319488
1401,7.509031
1402,10.883587
1403,9.910071
1404,9.933859
1405,10.163666
1406,7.5464597
1407,11.524014
1408,9.01625
1409,7.714917
1410,13.09831
1411,11.907301
1412,11.635683
1413,9.820517
1414,12.391133
1415,6.684568
1416,10.87481
1417,6.358953
1418,10.587935
1419,10.036389
1420,9.79566
1421,11.508059
1422,10.564115
1423,9.54027
1424,6.773427
1425,7.8366
1426,8.689911
1427,7.069072
1428,9.033037
1429,8.760398
1430,12.593049
1431,9.0387535
1432,5.6739388
1433,10.502125
1434,6.8566465
1435,5.223528
1436,8.7156725
1437,8.886848
1438,12.479851
1439,9.389181
1440,12.359534
1441,9.983227
1442,12.9888735
1443,9.790104
1444,7.824395
1445,7.7607865
1446,9.255947
1447,4.3450937
1448,8.178096
1449,8.66114
1450,4.0667105
1451,11.05196
1452,11.893224
1453,10.15794
1454,7.743159
1455,9.610778
1456,16.915482
1457,6.1903276
1458,10.657044
1459,10.564115
1460,8.448706
1461,8.433921
1462,11.861205
1463,10.293337
1464,12.036549
1465,10.21487
1466,10.309652
1467,10.585422
1468,7.1437745
1469,8.353969
1470,9.711688
1471,9.512302
1472,9.891287
1473,10.434608
1474,6.9667516
1475,11.506327
1476,10.20293
1477,8.520206
1478,4.6974945
1479,10.078184
1480,12.817518
1481,9.728736
1482,5.4938173
1483,13.690094
1484,9.318585
1485,6.9667516
1486,8.889606
1487,11.661238
1488,9.770758
1489,16.216803
1490,10.366011
1491,7.0361648
1492,10.401348
1493,11.389083
1494,9.84755
1495,9.365
1496,9.674051
1497,6.8732643
1498,12.390533
1499,7.069072
1500,12.645665
1501,9.8803835
1502,11.666772
1503,11.904757
1504,6.278386
1505,9.306715
1506,8.398531
1507,6.358953
1508,14.877266
1509,10.143286
1510,9.207904
1511,9.827917
1512,12.2360115
1513,10.238029
1514,8.896638
1515,7.448149
1516,6.307144
1517,10.697274
1518,9.564745
1519,10.999004
1520,12.404591
1521,9.206797
1522,8.1122265
1523,11.53089
1524,13.00377
1525,6.9821253
1526,9.559119
1527,9.539787
1528,10.695335
1529,10.059168
1530,9.48131
1531,7.943455
1532,9.245871
1533,7.4312067
1534,9.485139
1535,6.541769
1536,9.604759
1537,9.642506
1538,10.697067
1539,7.176717
1540,11.559083
1541,9.74505
1542,7.157432
1543,10.575835
1544,5.6739388
1545,9.91723
1546,6.4369135
1547,8.612001
1548,10.235242
1549,10.602142
1550,10.489813
1551,8.073461
1552,10.704664
1553,9.183085
1554,8.891195
1555,6.0126514
1556,13.919689
1557,10.489813
1558,9.974198
1559,9.775798
1560,4.0667105
1561,10.489479
1562,5.8551836
1563,8.504521
1564,11.756318
1565,13.715883
1566,6.689606
1567,8.185928
1568,6.278386
1569,11.229423
1570,12.482532
1571,8.364716
1572,6.0126514
1573,10.285064
1574,8.487505
1575,10.82955
1576,11.514242
1577,11.45272
1578,10.285064
1579,11.721249
1580,4.2230077
1581,8.729423
1582,10.48044
1583,11.640145
1584,4.0667105
1585,11.661238
1586,7.767937
1587,6.278386
1588,10.115982
1589,10.750816
1590,11.880937
1591,6.751415
1592,8.918008
1593,9.145845
1594,11.232729
1595,11.479189
1596,8.552055
1597,9.422707
1598,6.455174
1599,9.382416
1600,8.242109
1601,9.817209
1602,8.081646
1603,7.09578
1604,13.747522
1605,8.894451
1606,9.292055
1607,8.896645
1608,9.485139
1609,9.139413
1610,10.489657
1611,10.564115
1612,14.189743
1613,9.107338
1614,9.910071
1615,11.407401
1616,8.523469
1617,6.894638
1618,7.347653
1619,4.443722
1620,8.874998
1621,9.321105
1622,4.443722
1623,9.933859
1624,10.83917
1625,11.630538
1626,7.879099
1627,9.289698
1628,12.5491
1629,9.013064
1630,9.387601
1631,10.925463
1632,7.477074
1633,10.605714
1634,10.743952
1635,10.490828
1636,8.341524
1637,9.5770035
1638,7.904995
1639,8.894451
1640,9.807507
1641,6.8732643
1642,4.8055162
1643,10.81731
1644,10.602142
1645,7.7256703
1646,9.760658
1647,11.067331
1648,10.036389
1649,7.564307
1650,13.546606
1651,8.493812
1652,11.509375
1653,12.2360115
1654,11.914782
1655,9.472407
1656,10.006861
1657,8.872734
1658,8.601735
1659,10.023698
1660,7.9796066
1661,7.438086
1662,10.368314
1663,9.273381
1664,10.481229
1665,7.069072
1666,10.309003
1667,7.838237
1668,12.061983
1669,9.855545
1670,7.9966793
1671,10.654438
1672,8.18224
1673,8.684992
1674,4.3525724
1675,12.482532
1676,10.378965
1677,13.511584
1678,5.641305
1679,9.194117
1680,10.661339
1681,10.851948
1682,10.206579
1683,11.5744505
1684,9.006563
1685,12.714475
1686,11.583015
1687,5.6739388
1688,10.471865
1689,9.453289
1690,7.1932497
1691,10.084055
1692,8.786746
1693,4.8093987
1694,11.0859165
1695,9.994909
1696,10.5967
1697,9.912069
1698,4.3525724
1699,6.894638
1700,8.74995
1701,6.773427
1702,9.853816
1703,12.291412
1704,5.921953
1705,8.560211
1706,6.160344
1707,11.382267
1708,7.0321307
1709,6.9667516
1710,8.855598
1711,11.33444
1712,10.059237
1713,11.30336
1714,7.7088065
1715,7.8583665
1716,10.450787
1717,10.196127
1718,9.353574
1719,8.176931
1720,10.123001
1721,5.926841
1722,9.911078
1723,4.0667105
1724,8.071654
1725,12.586812
1726,12.178162
1727,8.056315
1728,5.922929
1729,9.846092
1730,11.792366
1731,10.206579
1732,10.925463
1733,4.0667105
1734,6.627035
1735,10.578656
1736,9.148361
1737,11.721249
1738,9.910071
1739,7.7866416
1740,9.976757
1741,10.695335
1742,8.1392565
1743,10.0458765
1744,10.949644
1745,8.82934
1746,9.933859
1747,9.322592
1748,9.795037
1749,11.9259815
1750,9.875999
1751,12.586812
1752,8.503391
1753,9.894182
1754,10.925463
1755,10.73158
1756,10.148899
1757,6.383526
1758,10.15069
1759,10.430934
1760,5.6739388
1761,11.809049
1762,11.809049
1763,8.861296
1764,4.2230077
1765,5.4938173
1766,9.321344
1767,10.123001
1768,8.945174
1769,11.228382
1770,9.211264
1771,6.355493
1772,9.912069
1773,10.188639
1774,10.096974
1775,8.073461
1776,9.857939
1777,13.82906
1778,11.534317
1779,13.440525
1780,8.961634
1781,7.7898974
1782,10.223403
1783,8.472814
1784,9.811655
1785,9.144674
1786,8.543885
1787,9.933859
1788,10.540409
1789,10.143286
1790,8.859086
1791,9.364812
1792,10.182255
1793,6.541769
1794,11.070939
1795,8.971526
1796,7.8579082
1797,10.360169
1798,9.9526205
1799,9.245871
1800,9.924416
1801,10.737654
1802,9.740652
1803,9.677409
1804,11.445878
1805,9.205208
1806,10.839719
1807,12.081268
1808,10.48044
1809,9.906516
1810,10.82955
1811,4.2230077
1812,10.123001
1813,11.568566
1814,8.03666
1815,6.114952
1816,12.6658745
1817,8.291145
1818,8.7470455
1819,10.164624
1820,8.798784
1821,4.3450937
1822,9.363754
1823,9.148651
1824,11.5669365
1825,7.95175
1826,10.891149
1827,10.540409
1828,8.346893
1829,11.713574
1830,10.083452
1831,10.290783
1832,10.52998
1833,9.289698
1834,9.196187
1835,11.59206
1836,11.385138
1837,10.529749
1838,10.768494
1839,12.133654
1840,12.6584635
1841,8.608335
1842,8.9758415
1843,10.283928
1844,6.459199
1845,9.849314
1846,4.2230077
1847,5.6739388
1848,12.870964
1849,13.513782
1850,10.148899
1851,5.1377406
1852,9.435823
1853,6.607726
1854,8.181909
1855,8.895517
1856,9.470764
1857,6.0126514
1858,11.7129135
1859,9.809326
1860,9.327992
1861,8.678833
1862,10.7806835
1863,6.6919384
1864,10.0988
1865,8.288437
1866,4.443722
1867,9.917469
1868,10.321882
1869,10.787729
1870,10.991132
1871,9.470764
1872,8.941806
1873,13.857502
1874,9.984997
1875,10.711391
1876,4.0667105
1877,9.321105
1878,10.606213
1879,5.4938173
1880,8.158021
1881,7.675578
1882,9.321177
1883,11.5744505
1884,9.974198
1885,8.712926
1886,10.488832
1887,8.18224
1888,8.704907
1889,10.101301
1890,9.599112
1891,11.384195
1892,11.635683
1893,9.630686
1894,6.853302
1895,12.446581
1896,9.76134
1897,8.605011
1898,9.413459
1899,12.593049
1900,6.6919384
1901,9.030285
1902,11.788591
1903,9.332719
1904,10.93687
1905,10.053364
1906,11.643997
1907,9.210964
1908,9.559437
1909,11.180414
1910,9.207904
1911,9.406175
1912,8.011449
1913,6.358953
1914,10.049421
1915,12.537312
1916,10.559851
1917,9.580832
1918,9.869859
1919,8.431026
1920,12.2302065
1921,9.818768
1922,6.278386
1923,10.036389
1924,6.0126514
1925,9.604044
1926,9.264149
1927,9.306715
1928,8.937813
1929,9.032949
1930,6.278386
1931,13.081967
1932,11.642933
1933,12.446581
1934,8.705002
1935,10.266783
1936,10.192929
1937,9.275775
1938,8.273284
1939,11.0653515
1940,8.4684105
1941,10.115982
1942,11.067331
1943,4.2230077
1944,9.761871
1945,7.126813
1946,15.592831
1947,9.254683
1948,10.03006
1949,12.65961
1950,15.220419
1951,9.871181
1952,5.670171
1953,7.221474
1954,8.03666
1955,9.020482
1956,8.917861
1957,8.959535
1958,10.379217
1959,11.5744505
1960,9.8213415
1961,10.697067
1962,9.992964
1963,16.07682
1964,6.9667516
1965,11.31278
1966,14.379179
1967,10.8791
1968,8.50449
1969,9.798481
1970,10.29617
1971,11.540083
1972,11.841705
1973,10.263519
1974,10.490484
1975,11.57887
1976,9.458111
1977,10.2125
1978,7.988789
1979,10.62174
1980,11.458127
1981,12.6187315
1982,8.540756
1983,5.926841
1984,9.010658
1985,6.6216655
1986,10.564115
1987,13.644997
1988,9.14243
1989,9.854742
1990,4.5709667
1991,10.4711075
1992,8.490621
1993,9.983227
1994,11.583015
1995,4.5709667
1996,7.0881476
1997,16.517305
1998,11.549167
1999,9.413459
2000,10.21487
2001,8.78511
2002,8.707245
2003,8.783617
2004,9.308696
2005,10.520947
2006,10.296946
2007,9.882015
2008,13.9454365
2009,11.667801
2010,7.943455
2011,4.443722
2012,10.202866
2013,15.113019
2014,7.8579082
2015,10.467296
2016,5.361575
2017,11.84505
2018,9.289715
2019,10.564115
2020,11.354857
2021,9.167668
2022,14.30922
2023,10.522173
2024,8.798164
2025,10.12758
2026,10.648649
2027,10.0988
2028,6.278386
2029,9.818226
2030,10.123001
2031,12.214671
2032,10.016016
2033,12.042397
2034,12.1432705
2035,8.878676
2036,8.878665
2037,8.622475
2038,7.242832
2039,11.544171
2040,11.165178
2041,9.139166
2042,10.219928
2043,9.856663
2044,10.697067
2045,7.0361648
2046,11.504078
2047,8.721604
2048,9.910071
2049,8.475963
2050,5.670171
2051,7.323745
2052,9.586921
2053,12.013216
2054,11.418073
2055,7.1962624
2056,4.0667105
2057,6.3209276
2058,10.602142
2059,9.23565
2060,8.91025
2061,10.3057995
2062,10.0150175
2063,9.65963
2064,10.315468
2065,12.963073
2066,11.581842
2067,10.564115
2068,6.894638
2069,11.508059
2070,7.2137256
2071,7.6220436
2072,8.413936
2073,10.063358
2074,6.5840383
2075,7.7185707
2076,9.011578
2077,9.6102495
2078,11.30336
2079,9.185652
2080,9.086121
2081,11.7129135
2082,11.721249
2083,7.8077793
2084,8.378627
2085,9.933859
2086,9.229629
2087,6.355493
2088,6.455174
2089,6.459199
2090,15.372304
2091,13.731634
2092,9.2112
2093,11.632291
2094,11.709749
2095,9.334303
2096,12.2360115
2097,11.694765
2098,9.768601
2099,7.1095715
2100,12.986009
2101,10.036389
2102,14.768435
2103,9.999943
2104,10.49708
2105,8.879897
2106,13.39222
2107,10.491638
2108,10.640231
2109,9.2423725
2110,7.460503
2111,10.64982
2112,9.315791
2113,12.913923
2114,7.728527
2115,14.263707
2116,11.745809
2117,7.8400135
2118,15.959767
2119,9.485139
2120,10.791906
2121,16.063627
2122,11.721249
2123,6.358953
2124,12.702169
2125,10.925463
2126,9.076711
2127,7.069072
2128,8.354593
2129,14.365944
2130,10.342643
2131,8.020232
2132,10.899725
2133,11.568678
2134,11.462786
2135,11.228382
2136,5.8551836
2137,8.5873375
2138,10.491591
2139,7.37759
2140,11.294522
2141,10.488832
2142,11.051256
2143,8.7697315
2144,9.950647
2145,8.577123
2146,9.267693
2147,10.399483
2148,10.793413
2149,9.688361
2150,6.9392996
2151,9.089313
2152,10.206087
2153,8.456048
2154,10.15729
2155,9.2242155
2156,10.079854
2157,7.853905
2158,11.688177
2159,13.731634
2160,4.0667105
2161,5.6739388
2162,6.8624125
2163,5.4938173
2164,12.279449
2165,12.814073
2166,9.17514
2167,8.537704
2168,9.974507
2169,8.995714
2170,7.9549065
2171,10.63913
2172,6.927228
2173,4.0667105
2174,8.943834
2175,10.919769
2176,11.797785
2177,5.6739388
2178,7.2137256
2179,6.4799466
2180,10.296946
2181,10.283269
2182,12.482532
2183,11.991602
2184,11.809049
2185,11.595123
2186,10.219928
2187,9.910071
2188,8.541562
2189,8.969486
2190,10.925463
2191,5.6739388
2192,7.069072
2193,10.296286
2194,11.05196
2195,4.0667105
2196,9.524034
2197,9.849314
2198,4.3450937
2199,10.695174
2200,8.94731
2201,11.442911
2202,9.8803835
2203,10.43385
2204,10.722674
2205,10.489813
2206,7.9699583
2207,6.9127793
2208,8.469553
2209,9.992049
2210,7.971618
2211,12.593049
2212,9.147442
2213,8.794399
2214,12.025939
2215,6.6216655
2216,6.773427
2217,9.983227
2218,11.71753
2219,12.322155
2220,10.83917
2221,8.484068
2222,12.291412
2223,11.5669365
2224,9.254681
2225,9.206091
2226,10.780577
2227,4.594716
2228,9.339942
2229,11.67523
2230,10.412601
2231,11.354857
2232,14.897691
2233,4.0667105
2234,8.890123
2235,11.31278
2236,9.251974
2237,10.83917
2238,11.678078
2239,6.4803815
2240,12.482532
2241,8.864716
2242,4.36788
2243,10.224327
2244,10.464663
2245,11.534317
2246,7.0539913
2247,9.47963
2248,5.4938173
2249,5.230528
2250,10.066801
2251,10.793413
2252,8.129693
2253,12.205371
2254,12.593049
2255,8.612001
2256,9.01625
2257,10.268206
2258,6.719553
2259,7.6242743
2260,10.48044
2261,5.6739388
2262,8.720812
2263,8.707245
2264,7.838237
2265,9.976757
2266,9.145845
2267,9.257911
2268,10.394695
2269,8.7169285
2270,5.4938173
2271,11.30336
2272,11.737133
2273,7.78595
2274,8.965587
2275,8.068616
2276,9.335491
2277,10.564641
2278,11.325613
2279,10.916504
2280,11.5744505
2281,9.327594
2282,10.00178
2283,9.964111
2284,7.1095715
2285,8.822377
2286,11.832451
2287,9.063254
2288,10.82955
2289,9.100947
2290,8.067206
2291,11.643997
2292,8.555617
2293,10.596001
2294,5.223528
2295,7.6453657
2296,10.235252
2297,9.695366
2298,10.866016
2299,12.335012
2300,8.892962
2301,11.5669365
2302,9.983227
2303,8.167922
2304,12.708254
2305,8.361815
2306,8.1539545
2307,11.738554
2308,9.706281
2309,10.927462
2310,12.446581
2311,5.5097675
2312,4.9711967
2313,4.5673594
2314,10.578692
2315,11.9180765
2316,13.439519
2317,4.2230077
2318,10.9382305
2319,9.187881
2320,9.244671
2321,9.9526205
2322,6.11395
2323,8.020232
2324,11.960448
2325,9.445606
2326,10.009735
2327,9.679044
2328,9.145845
2329,5.6739388
2330,7.871147
2331,9.04125
2332,10.564115
2333,10.925463
2334,11.592644
2335,4.0667105
2336,7.838237
2337,11.22756
2338,10.456778
2339,7.972859
2340,11.506327
2341,11.30336
2342,10.564115
2343,6.3209276
2344,12.233983
2345,9.831047
2346,10.220963
2347,10.285064
2348,8.67117
2349,6.4799466
2350,9.351718
2351,9.999193
2352,11.832451
2353,9.254681
2354,10.12211
2355,7.0484457
2356,11.5744505
2357,9.879605
2358,9.888329
2359,10.180644
2360,5.922929
2361,9.321177
2362,9.452127
2363,10.606213
2364,9.741597
2365,11.582104
2366,10.502125
2367,7.5019393
2368,9.30756
2369,9.6747875
2370,6.355493
2371,10.240676
2372,9.695366
2373,9.230228
2374,5.2314615
2375,9.2423725
2376,9.024045
2377,10.172309
2378,7.411552
2379,7.366763
2380,7.6996713
2381,12.213509
2382,12.740072
2383,6.278386
2384,7.8695865
2385,9.563198
2386,12.482532
2387,10.21487
2388,10.388106
2389,9.210964
2390,6.596199
2391,9.267145
2392,10.569115
2393,9.279053
2394,8.942085
2395,9.612665
2396,5.670171
2397,10.277731
2398,11.792366
2399,11.28882
2400,8.652429
2401,9.842115
2402,9.348695
2403,10.604269
2404,8.855129
2405,9.79287
2406,9.853578
2407,12.532574
2408,11.382787
2409,9.505092
2410,10.564115
2411,9.141523
2412,9.254257
2413,10.084055
2414,7.37759
2415,8.992491
2416,10.182996
2417,11.793245
2418,7.323745
2419,7.1086183
2420,8.210245
2421,9.772592
2422,8.123248
2423,12.058436
2424,8.59081
2425,9.479351
2426,10.489813
2427,11.173325
2428,10.285064
2429,10.66305
2430,15.584153
2431,10.481229
2432,7.95175
2433,10.699745
2434,5.670171
2435,6.8768806
2436,7.3110557
2437,7.6237626
2438,9.164289
2439,10.342643
2440,10.376562
2441,10.82955
2442,9.958569
2443,10.82955
2444,10.255173
2445,9.975294
2446,11.285553
2447,8.598856
2448,11.989261
2449,9.308565
2450,10.045181
2451,10.51013
2452,9.602125
2453,10.151429
2454,14.522314
2455,10.949644
2456,10.198605
2457,10.51094
2458,9.975795
2459,6.0126514
2460,7.0033464
2461,13.960046
2462,10.564115
2463,11.5744505
2464,7.99568
2465,12.84068
2466,10.970591
2467,7.0881476
2468,6.5382223
2469,10.240322
2470,10.708988
2471,12.58631
2472,10.925463
2473,12.653531
2474,8.254003
2475,10.309652
2476,9.206797
2477,7.4417224
2478,11.687744
2479,9.340119
2480,10.573087
2481,12.279867
2482,8.739775
2483,9.63093
2484,9.145845
2485,7.975529
2486,11.073924
2487,13.39222
2488,10.368314
2489,9.856663
2490,8.971526
2491,9.010658
2492,9.943487
2493,7.2488165
2494,9.074544
2495,8.730161
2496,10.539738
2497,9.957685
2498,10.914811
2499,6.607726
2500,10.925463
2501,10.55424
2502,14.897403
2503,9.691705
2504,10.843739
2505,9.768601
2506,7.800319
2507,8.8912735
2508,13.704667
2509,12.957241
2510,10.49231
2511,11.621198
2512,10.782223
2513,10.388106
2514,9.076711
2515,9.129221
2516,9.48131
2517,10.949644
2518,6.859562
2519,7.069072
2520,11.0604105
2521,9.339558
2522,6.8832383
2523,11.094584
2524,8.651517
2525,4.2230077
2526,10.276395
2527,11.067331
2528,8.250649
2529,8.8982115
2530,9.832012
2531,7.549368
2532,8.354593
2533,7.0745697
2534,8.459392
2535,7.30367
2536,10.564115
2537,9.452821
2538,10.8608465
2539,10.252237
2540,13.462617
2541,12.55565
2542,9.210964
2543,9.223787
2544,12.910257
2545,12.384019
2546,10.4711075
2547,10.096109
2548,8.328637
2549,12.27377
2550,9.933859
2551,8.885203
2552,8.142175
2553,9.165341
2554,6.114952
2555,9.0680895
2556,13.071637
2557,10.4711075
2558,11.815689
2559,8.9624815
2560,6.0902767
2561,8.62365
2562,8.527328
2563,10.3057995
2564,6.0902767
2565,9.948441
2566,4.2230077
2567,11.506327
2568,10.198914
2569,9.597589
2570,9.73629
2571,8.974897
2572,10.096109
2573,10.079854
2574,11.003423
2575,10.5213375
2576,11.32807
2577,9.783508
2578,6.9667516
2579,10.175096
2580,5.4938173
2581,7.477074
2582,9.347158
2583,9.564745
2584,9.238022
2585,8.6867075
2586,11.180397
2587,10.34347
2588,12.532574
2589,12.709434
2590,10.539738
2591,10.115166
2592,7.459878
2593,11.648267
2594,13.530958
2595,9.031208
2596,8.307257
2597,10.180644
2598,8.6331625
2599,11.551079
2600,10.023309
2601,5.403346
2602,11.30336
2603,12.593049
2604,13.00377
2605,10.264896
2606,10.148899
2607,10.491638
2608,7.0719194
2609,11.461425
2610,9.537494
2611,8.137433
2612,5.4938173
2613,6.650416
2614,10.66305
2615,11.982211
2616,8.363519
2617,11.956478
2618,9.988667
2619,10.784015
2620,10.780577
2621,14.189743
2622,10.487394
2623,6.8832383
2624,8.612001
2625,6.5382223
2626,8.750206
2627,11.165178
2628,9.084513
2629,5.4938173
2630,12.613319
2631,10.848284
2632,9.406175
2633,13.154631
2634,10.34207
2635,9.604044
2636,9.84226
2637,8.879897
2638,8.77075
2639,8.58505
2640,9.226773
2641,9.651794
2642,9.604488
2643,8.686033
2644,11.8543625
2645,10.3796625
2646,10.123001
2647,4.8093987
2648,10.668941
2649,10.673568
2650,11.305537
2651,8.917565
2652,6.996796
2653,12.1432705
2654,12.56184
2655,6.4019666
2656,9.118044
2657,8.67313
2658,4.2230077
2659,9.86448
2660,12.378471
2661,7.675578
2662,9.69037
2663,10.173268
2664,11.2648325
2665,4.0667105
2666,9.055131
2667,9.974198
2668,10.270963
2669,14.365944
2670,9.933859
2671,9.976757
2672,14.066839
2673,8.343433
2674,12.293523
2675,8.1316
2676,8.974399
2677,10.23737
2678,10.375897
2679,10.036389
2680,6.0989213
2681,5.823389
2682,10.0988
2683,8.181839
2684,10.360971
2685,11.253075
2686,11.229423
2687,9.862245
2688,6.9667516
2689,10.888685
2690,9.439354
2691,10.398075
2692,9.777853
2693,10.648649
2694,9.807095
2695,11.0959
2696,7.0327168
2697,8.391822
2698,10.290783
2699,6.541769
2700,10.915777
2701,9.790104
2702,7.1932497
2703,9.347158
2704,14.104695
2705,11.721249
2706,9.241064
2707,10.012379
2708,11.506327
2709,11.396334
2710,11.178701
2711,10.487394
2712,10.380789
2713,8.016624
2714,8.381966
2715,8.241519
2716,9.793518
2717,12.2360115
2718,10.352361
2719,9.955595
2720,9.165346
2721,9.733339
2722,12.861303
2723,14.463704
2724,9.344178
2725,14.033441
2726,9.856836
2727,11.888048
2728,13.307058
2729,7.242832
2730,11.886703
2731,10.488832
2732,5.1377406
2733,10.128479
2734,9.912069
2735,9.563173
2736,11.921209
2737,7.675578
2738,11.008377
2739,6.6919384
2740,8.992497
2741,7.5325313
2742,10.909716
2743,10.701955
2744,7.858956
2745,11.721249
2746,9.278264
2747,10.970591
2748,9.19206
2749,8.992491
2750,11.960448
2751,10.111832
2752,12.5926895
2753,12.197512
2754,10.148899
2755,10.73158
2756,8.852596
2757,9.932899
2758,8.336024
2759,9.162746
2760,8.911646
2761,7.2751627
2762,10.0988
2763,7.996767
2764,8.992491
2765,11.081034
2766,11.406398
2767,13.941091
2768,9.974198
2769,10.263519
2770,9.261639
2771,9.040388
2772,9.451764
2773,9.706281
2774,8.932438
2775,12.814073
2776,11.354857
2777,10.34914
2778,9.145845
2779,6.278386
2780,9.278367
2781,12.586812
2782,10.296946
2783,9.452203
2784,7.7866416
2785,9.933859
2786,8.322017
2787,12.653531
2788,11.067331
2789,10.75013
2790,11.583751
2791,8.576918
2792,14.227483
2793,13.256711
2794,10.036389
2795,9.461467
2796,8.008343
2797,8.216162
2798,10.365843
2799,11.592644
2800,9.375992
2801,9.298899
2802,11.583076
2803,10.922136
2804,10.47146
2805,9.617297
2806,10.464724
2807,12.3549
2808,9.890547
2809,9.214158
2810,9.171116
2811,13.235999
2812,4.3450937
2813,10.482012
2814,11.392176
2815,9.864104
2816,8.870945
2817,9.856836
2818,10.182255
2819,9.3351555
2820,7.333123
2821,12.453597
2822,7.6996713
2823,8.988558
2824,10.4876
2825,4.3525724
2826,8.9421425
2827,12.751824
2828,8.590092
2829,4.0667105
2830,9.718673
2831,6.8732643
2832,7.30367
2833,10.045434
2834,11.028937
2835,9.005853
2836,9.494753
2837,7.743159
2838,9.166939
2839,6.773427
2840,8.2464485
2841,9.912069
2842,11.891989
2843,7.943455
2844,9.20323
2845,7.838237
2846,11.19242
2847,9.159412
2848,11.778448
2849,10.488832
2850,9.036486
2851,6.6919384
2852,10.703814
2853,12.388347
2854,8.380228
2855,9.4137125
2856,5.926841
2857,12.133271
2858,8.805592
2859,10.123001
2860,11.352569
2861,10.564115
2862,9.121243
2863,10.290783
2864,9.756763
2865,9.888329
2866,10.539738
2867,12.828568
2868,9.074544
2869,7.6945333
2870,7.906577
2871,4.0667105
2872,7.3359566
2873,9.722558
2874,6.9127793
2875,11.973653
2876,12.499875
2877,7.906233
2878,9.445227
2879,8.750206
2880,14.103481
2881,10.148926
2882,12.482532
2883,14.204283
2884,10.965706
2885,8.305595
2886,6.9667516
2887,11.228382
2888,6.278386
2889,8.305469
2890,10.293337
2891,10.276395
2892,9.188746
2893,12.298938
2894,9.031918
2895,8.894451
2896,6.888352
2897,7.3628306
2898,11.017534
2899,7.740287
2900,8.32167
2901,11.508059
2902,7.884414
2903,6.837218
2904,11.060991
2905,11.721249
2906,9.809326
2907,9.045239
2908,7.981107
2909,9.983227
2910,12.446581
2911,10.376562
2912,10.277731
2913,9.114404
2914,6.278386
2915,11.229423
2916,9.138712
2917,8.9245405
2918,7.6503553
2919,11.634836
2920,4.0667105
2921,7.3070397
2922,9.249472
2923,9.261173
2924,11.71753
